{
"Samsung":
	{
	"Galaxy On Nxt":{
					"General":{"Model Name":"Galaxy On Nxt","Price":"Rs. 15900","Color":"Gold, Black","SIM Type":"Dual Sim","Touchscreen":"Yes"},
					"Display Features":{"Display Size":"5.5 inch","Resolution":"1920 x 1080 pixels","Resolution Type":"Full HD","Display Type":"TFT"},
					"Os & Processor Features":{"Operating System":"Android Marshmallow 6","Processor Type":"Exynos 7870","Processor Core":"Octa Core","Processor Clock Speed":"1.6 GHz"},
					"Memory & Storage Features":{"Internal Storage":"32 GB","RAM":"3 GB","Expandable Storage":"256 GB"},
					"Camera Features":{"Primary Camera":"13 megapixel","Secondary Camera":"8 megapixel","Flash":"LED"}
					},
					
	"Galaxy On8":{
					"General":{"Model Name":"Galaxy On8","Price":"Rs. 13499","Color":"Gold, Black, White","SIM Type":"Dual Sim","Touchscreen":"Yes"},
					"Display Features":{"Display Size":"5.5 inch","Resolution":"1920 x 1080 pixels","Resolution Type":"Full HD","Display Type":"Super Amoled"},
					"Os & Processor Features":{"Operating System":"Android Marshmallow 6","Processor Type":"S5E7580 (Exynos 7580)","Processor Core":"Octa Core","Processor Clock Speed":"1.6 GHz"},
					"Memory & Storage Features":{"Internal Storage":"16 GB","RAM":"3 GB","Expandable Storage":"128 GB"},
					"Camera Features":{"Primary Camera":"13 megapixel","Secondary Camera":"5 megapixel","Flash":"LED"}
					},
	
	"SAMSUNG Galaxy C9 Pro":{
					"General":{"Model Name":"SAMSUNG Galaxy C9 Pro","Price":"Rs. 36,900","Color":"Gold, Black","SIM Type":"Dual Sim","Touchscreen":"Yes"},
					"Display Features":{"Display Size":"6 inch","Resolution":"1920 x 1080 pixels","Resolution Type":"Full HD","Display Type":"Super AMOLED"},
					"Os & Processor Features":{"Operating System":"Android Marshmallow 6","Processor Type":"Qualcomm Snapdragon 653 MSM8976SG","Processor Core":"Octa Core","Processor Clock Speed":"1.9 GHz"},
					"Memory & Storage Features":{"Internal Storage":"64 GB","RAM":"6 GB","Expandable Storage":"256 GB"},
					"Camera Features":{"Primary Camera":"16 megapixel","Secondary Camera":"16 megapixel","Flash":"Dual LED Flash (Rear)"}
					}
	
	},
	
"Xiaomi":
	{
	"Redmi Note 4":{
					"General":{"Model Name":"Redmi Note 4","Price":"Rs. 10999","Color":"Dark Grey, Gold, Black","SIM Type":"Dual Sim","Touchscreen":"Yes"},
					"Display Features":{"Display Size":"5.5 inch","Resolution":"1920 x 1080 pixels","Resolution Type":"Full HD","Display Type":"IPS"},
					"Os & Processor Features":{"Operating System":"Android Marshmallow 6.0.1","Processor Type":"Qualcomm Snapdragon 625 64-bit","Processor Core":"Octa Core","Processor Clock Speed":"2 GHz"},
					"Memory & Storage Features":{"Internal Storage":"32 GB","RAM":"3 GB","Expandable Storage":"128 GB"},
					"Camera Features":{"Primary Camera":"13 megapixel","Secondary Camera":"5 megapixel","Flash":"LED"}
					},
					
	"Mi 5":{
					"General":{"Model Name":"Mi 5","Price":"Rs. 22999","Color":"White","SIM Type":"Dual Sim","Touchscreen":"Yes"},
					"Display Features":{"Display Size":"5.15 inch","Resolution":"1920 x 1080 pixels","Resolution Type":"Full HD","Display Type":"LCD"},
					"Os & Processor Features":{"Operating System":"Android Marshmallow 6","Processor Type":"Snapdragon 820 Kryo","Processor Core":"Quad Core","Processor Clock Speed":"1.8 GHz"},
					"Memory & Storage Features":{"Internal Storage":"32 GB","RAM":"3 GB"},
					"Camera Features":{"Primary Camera":"16 megapixel","Secondary Camera":"4 megapixel","Flash":"LED"}
					}
	
	},
	
"Motorola":
	{
	"Moto G5 Plus":{
					"General":{"Model Name":"Redmi Note 4","Price":"Rs. 16999","Color":"Fine Gold, Lunar Grey","SIM Type":"Dual Sim","Touchscreen":"Yes"},
					"Display Features":{"Display Size":"5.2 inch","Resolution":"1920 x 1080 pixels","Resolution Type":"Full HD","Display Type":"TFT IPS"},
					"Os & Processor Features":{"Operating System":"Android Nougat 7","Processor Type":"Snapdragon 625","Processor Core":"Octa Core","Processor Clock Speed":"2 GHz"},
					"Memory & Storage Features":{"Internal Storage":"32 GB","RAM":"4 GB","Expandable Storage":"128 GB"},
					"Camera Features":{"Primary Camera":"12 megapixel","Secondary Camera":"5 megapixel","Flash":"LED"}
					},
					
	"Moto E3 Power":{
					"General":{"Model Name":"Moto E3 Power","Price":"Rs. 7499","Color":"Black, White","SIM Type":"Dual Sim","Touchscreen":"Yes"},
					"Display Features":{"Display Size":"5 inch","Resolution":"1280 x 720 Pixels","Resolution Type":"HD"},
					"Os & Processor Features":{"Operating System":"Android Marshmallow 6","Processor Type":"MT6735p 64-bit","Processor Core":"Quad Core","Processor Clock Speed":"1 GHz"},
					"Memory & Storage Features":{"Internal Storage":"16 GB","RAM":"2 GB"},
					"Camera Features":{"Primary Camera":"8 megapixel","Secondary Camera":"5 megapixel","Flash":"LED"}
					}
	
	},
	
"Apple":
	{
	"iPhone 6s":{
					"General":{"Model Name":"iPhone 6s","Price":"Rs. 40999","Color":"Gold, Rose Gold, Silver, Space Grey","SIM Type":"Single Sim","Touchscreen":"Yes"},
					"Display Features":{"Display Size":"4.7 inch","Resolution":"750 x 1334 Pixels","Resolution Type":"Retina HD Display","Display Type":"LED Backlit IPS LCD"},
					"Os & Processor Features":{"Operating System":"iOS 9","Processor Type":"A9 Chip with 64-bit Architecture and M9 Motion Co-processor","Processor Core":"Dual Core","Processor Clock Speed":"1.84 GHz"},
					"Memory & Storage Features":{"Internal Storage":"32 GB","RAM":"2 GB","Expandable Storage":"No"},
					"Camera Features":{"Primary Camera":"12 megapixel","Secondary Camera":"5 megapixel","Flash":"LED"}
					},
					
	"iPhone 5s":{
					"General":{"Model Name":"iPhone 5s","Price":"Rs. 18499","Color":"Space Grey, Silver","SIM Type":"Single Sim","Touchscreen":"Yes"},
					"Display Features":{"Display Size":"4 inch","Resolution":"1136 x 640 Pixels","Resolution Type":"Retina Display"},
					"Os & Processor Features":{"Operating System":"iOS 7","Processor Type":"A7 Chip with 64-bit Architecture and M7 Motion Coprocessor","Processor Core":"Dual Core","Processor Clock Speed":"1.3 GHz"},
					"Memory & Storage Features":{"Internal Storage":"16 GB","RAM":"1 GB","Expandable Storage":"No"},
					"Camera Features":{"Primary Camera":"8 megapixel","Secondary Camera":"1.2 megapixel","Flash":"LED"}
					}
	
	}
	
	

}